0.96245,-0.27145,-0.003579
0.92985,-0.36791,-0.003119
0.92563,-0.36553,0.097914
0.95823,-0.26922,0.0965
0.88838,-0.45911,-0.0030597
0.88421,-0.45654,0.098722
0.95721,-0.26953,-0.10537
0.92479,-0.36559,-0.10541
0.8833,-0.45688,-0.10509
0.83266,-0.54378,-0.10475
0.83783,-0.54592,-0.0030708
0.8338,-0.54311,0.098985
0.82096,-0.53525,0.19885
0.87164,-0.44834,0.19809
0.91314,-0.35753,0.19582
0.94523,-0.26327,0.19298
0.96683,-0.16633,0.19386
0.98074,-0.17,0.096173
0.98513,-0.17173,-0.0046771
0.97964,-0.1705,-0.10601
0.96434,-0.16681,-0.20549
0.94228,-0.26422,-0.20564
0.9103,-0.35944,-0.20532
0.86913,-0.45015,-0.2049
0.8188,-0.53661,-0.20399
0.76033,-0.6172,-0.20239
0.77437,-0.62416,-0.10383
0.7798,-0.62603,-0.0027846
0.77622,-0.62281,0.097959
0.76324,-0.61531,0.19712
0.74239,-0.60158,0.29489
0.80074,-0.52024,0.29692
0.85149,-0.43335,0.29524
0.89274,-0.34433,0.29062
0.92415,-0.25446,0.28494
0.94396,-0.16119,0.28801
0.95486,-0.064405,0.28998
0.9788,-0.067446,0.1934
0.99307,-0.069793,0.094533
0.99744,-0.071251,-0.0062502
0.99168,-0.071012,-0.10738
0.97615,-0.068715,-0.20594
0.95112,-0.063456,-0.30224
0.93954,-0.15943,-0.30307
0.918,-0.25565,-0.30319
0.88666,-0.34945,-0.30286
0.84603,-0.43926,-0.30214
0.7962,-0.52488,-0.30093
0.73829,-0.60477,-0.29863
0.67221,-0.67923,-0.29459
0.69434,-0.69165,-0.19877
0.70848,-0.69841,-0.10139
0.71486,-0.69926,-0.0024929
0.71202,-0.69557,0.095974
0.69873,-0.68884,0.19307
0.67688,-0.67693,0.28913
0.6482,-0.65828,0.38276
0.71501,-0.58048,0.38961
0.77384,-0.49778,0.39165
0.8245,-0.4109,0.38906
0.86577,-0.3248,0.38071
0.89731,-0.24431,0.36763
0.91237,-0.15818,0.37757
0.92178,-0.064233,0.38235
0.92343,0.034917,0.38217
0.95689,0.034756,0.28837
0.98119,0.033312,0.19017
0.99544,0.031223,0.090151
0.99952,0.029522,-0.0094915
0.9936,0.02878,-0.10918
0.97803,0.029,-0.20642
0.95315,0.0322,-0.30079
0.91959,0.041112,-0.39072
0.91731,-0.053946,-0.39451
0.90601,-0.14899,-0.39616
0.885,-0.2437,-0.39672
0.85442,-0.33622,-0.39614
0.81474,-0.42453,-0.39493
0.76574,-0.50908,-0.39304
0.70832,-0.58803,-0.39053
0.64315,-0.66116,-0.38631
0.57117,-0.72793,-0.37931
0.60035,-0.7463,-0.28742
0.62197,-0.75908,-0.19226
0.63651,-0.76521,-0.09652
0.64417,-0.76488,-0.0011635
0.64392,-0.75933,0.093732
0.62876,-0.75501,0.18607
0.60524,-0.74547,0.27921
0.57526,-0.72898,0.37102
0.53967,-0.70419,0.46137
0.6134,-0.63166,0.47408
0.68104,-0.55161,0.48156
0.7412,-0.46584,0.48333
0.7931,-0.37609,0.47912
0.83571,-0.2892,0.46685
0.86994,-0.23421,0.434
0.86982,-0.1676,0.46403
0.87857,-0.071914,0.47217
0.88076,0.030367,0.4726
0.87402,0.13336,0.46724
0.91634,0.13479,0.37704
0.9497,0.13472,0.28272
0.97374,0.13313,0.18468
0.98771,0.13128,0.084875
0.99148,0.12949,-0.014362
0.98543,0.12731,-0.11278
0.97027,0.12505,-0.20721
0.94656,0.12412,-0.29769
0.91341,0.13465,-0.38411
0.87143,0.14727,-0.46789
0.87715,0.052991,-0.47728
0.87484,-0.04188,-0.4826
0.86373,-0.13599,-0.48526
0.84347,-0.22944,-0.48571
0.81394,-0.3201,-0.48482
0.77566,-0.40683,-0.48254
0.72789,-0.4897,-0.47997
0.67177,-0.5663,-0.47753
0.60686,-0.63811,-0.47385
0.53562,-0.70313,-0.46768
0.45745,-0.76295,-0.45677
0.49306,-0.78837,-0.36791
0.5217,-0.80739,-0.27558
0.54392,-0.81948,-0.18059
0.55966,-0.82428,-0.08569
0.56915,-0.82221,0.0054694
0.57545,-0.81291,0.089639
0.55434,-0.81417,0.1727
0.528,-0.80802,0.26137
0.49644,-0.79315,0.3528
0.46023,-0.76967,0.4425
0.41834,-0.73827,0.52911
0.49752,-0.67294,0.54738
0.57175,-0.59885,0.56079
0.64081,-0.51639,0.56806
0.7027,-0.42588,0.56995
0.75871,-0.32627,0.56382
0.81108,-0.21345,0.5446
0.82535,-0.089757,0.55745
0.82936,0.024166,0.55819
0.82314,0.13127,0.55246
0.80698,0.23341,0.54249
0.85731,0.23457,0.45825
0.89966,0.23473,0.36812
0.93298,0.23372,0.27373
0.95648,0.23238,0.1765
0.97006,0.23032,0.077093
0.97335,0.22823,-0.022309
0.96701,0.22483,-0.11974
0.95282,0.21851,-0.21069
0.93269,0.20951,-0.2936
0.90094,0.22662,-0.37007
0.85933,0.2414,-0.45086
0.80879,0.25273,-0.53103
0.82121,0.15917,-0.54798
0.82676,0.065013,-0.55879
0.82428,-0.029448,-0.56542
0.81363,-0.12203,-0.56844
0.79404,-0.21361,-0.5691
0.76635,-0.30224,-0.56689
0.73021,-0.38691,-0.56311
0.68438,-0.46684,-0.56008
0.62905,-0.54134,-0.5579
0.56534,-0.60991,-0.55534
0.49376,-0.6736,-0.54996
0.41615,-0.73224,-0.53911
0.33437,-0.78335,-0.52398
0.37498,-0.81611,-0.43973
0.41033,-0.84158,-0.35124
0.44108,-0.85947,-0.25838
0.46352,-0.87098,-0.16293
0.47828,-0.87573,-0.065873
0.48953,-0.87161,0.025623
0.5161,-0.85207,0.087212
0.47823,-0.86606,0.14575
0.44754,-0.86297,0.2345
0.41297,-0.84964,0.32797
0.37553,-0.82651,0.41935
0.33471,-0.7947,0.50639
0.2898,-0.75606,0.58684
0.37166,-0.70005,0.60976
0.44899,-0.63521,0.62843
0.52244,-0.56193,0.64133
0.58976,-0.47983,0.64957
0.6504,-0.38994,0.65186
0.70226,-0.29355,0.64858
0.74429,-0.18978,0.64032
0.76334,-0.079517,0.64108
0.76897,0.028954,0.63863
0.76351,0.13296,0.63197
0.74796,0.23357,0.62129
0.72368,0.32943,0.60644
0.78112,0.33099,0.52943
0.83043,0.33216,0.44727
0.87298,0.33122,0.35805
0.9064,0.32975,0.264
0.9298,0.328,0.16699
0.94299,0.32606,0.066674
0.94554,0.32371,-0.03422
0.93832,0.31902,-0.13333
0.92383,0.30949,-0.2253
0.91648,0.27837,-0.28737
0.88585,0.31509,-0.34056
0.84311,0.33394,-0.42148
0.79076,0.34586,-0.50505
0.73051,0.35284,-0.58468
0.75006,0.26079,-0.60778
0.76302,0.16837,-0.62406
0.7684,0.075301,-0.63552
0.76587,-0.017342,-0.64276
0.75511,-0.10841,-0.64658
0.73708,-0.19735,-0.64635
0.71185,-0.2838,-0.64244
0.67863,-0.36526,-0.63722
0.63594,-0.44203,-0.63261
0.58259,-0.51158,-0.63156
0.51916,-0.57661,-0.63087
0.44771,-0.63795,-0.62656
0.37142,-0.69376,-0.61704
0.28934,-0.74565,-0.60024
0.20408,-0.78888,-0.57968
0.24841,-0.8285,-0.50188
0.28928,-0.86062,-0.41911
0.32579,-0.88552,-0.33125
0.35687,-0.90321,-0.23844
0.37933,-0.91455,-0.14037
0.39362,-0.9186,-0.03516
0.4043,-0.91099,0.081478
0.36398,-0.91064,0.19557
0.32541,-0.89713,0.29876
0.28707,-0.87333,0.39355
0.24672,-0.84092,0.48165
0.2042,-0.80179,0.56163
0.15852,-0.75717,0.63369
0.24026,-0.71221,0.65957
0.31865,-0.65728,0.68296
0.39437,-0.59373,0.7014
0.46588,-0.52126,0.71501
0.53122,-0.44128,0.72324
0.58899,-0.35434,0.72632
0.63767,-0.26201,0.72438
0.67533,-0.16514,0.71879
0.69636,-0.063254,0.7149
0.70234,0.03829,0.71081
0.69668,0.13856,0.70387
0.6818,0.23546,0.6926
0.65917,0.32797,0.67671
0.63005,0.41437,0.65676
0.69076,0.41925,0.58913
0.74558,0.42344,0.5146
0.79489,0.42488,0.43317
0.83686,0.42411,0.34613
0.87027,0.42236,0.25345
0.89373,0.42036,0.1567
0.90668,0.4181,0.055906
0.90829,0.41565,-0.047389
0.89851,0.41035,-0.15583
0.87653,0.39697,-0.27223
0.8233,0.42241,-0.37915
0.76549,0.43643,-0.47281
0.7024,0.44341,-0.55679
0.63349,0.44474,-0.63317
0.66336,0.35605,-0.65817
0.68464,0.26614,-0.67856
0.69845,0.17525,-0.69387
0.70345,0.083854,-0.70578
0.7003,-0.0068159,-0.71381
0.6901,-0.095631,-0.71737
0.67319,-0.1826,-0.71657
0.6505,-0.266,-0.7114
0.62302,-0.34348,-0.70275
0.58574,-0.41526,-0.69604
0.53358,-0.47914,-0.69693
0.4709,-0.53824,-0.69897
0.39992,-0.59573,-0.69655
0.3229,-0.65062,-0.68734
0.24262,-0.69962,-0.67206
0.15845,-0.74275,-0.65055
0.069917,-0.78002,-0.62184
0.11544,-0.82682,-0.5505
0.15925,-0.86553,-0.47487
0.20094,-0.89686,-0.39403
0.23896,-0.92047,-0.30924
0.27148,-0.93689,-0.22029
0.29299,-0.94762,-0.12715
0.30127,-0.95314,-0.027609
0.29711,-0.9519,0.074871
0.26583,-0.9475,0.17769
0.22984,-0.93325,0.27608
0.19194,-0.9094,0.36898
0.15355,-0.87668,0.45591
0.11532,-0.83673,0.53534
0.076226,-0.79172,0.60611
0.025521,-0.74578,0.6657
0.10686,-0.71011,0.69594
0.18522,-0.66518,0.72335
0.26054,-0.61035,0.74806
0.33397,-0.54774,0.7671
0.40321,-0.47747,0.78067
0.46635,-0.39983,0.78909
0.52153,-0.31614,0.7925
0.56752,-0.22821,0.7911
0.60329,-0.13763,0.78556
0.62598,-0.045387,0.77851
0.63009,0.049474,0.77494
0.62345,0.14408,0.76848
0.60892,0.2383,0.75659
0.58849,0.32934,0.73838
0.5605,0.41605,0.71606
0.52915,0.49865,0.68655
0.59591,0.4908,0.63562
0.64759,0.50337,0.57205
0.69967,0.51073,0.49961
0.74877,0.51317,0.41952
0.79088,0.51287,0.33388
0.82528,0.50962,0.2433
0.84962,0.50603,0.14858
0.86239,0.50372,0.05043
0.86343,0.50197,-0.050163
0.85231,0.49999,-0.15357
0.82744,0.49963,-0.25637
0.78144,0.51393,-0.35389
0.7262,0.52511,-0.44373
0.66305,0.53091,-0.52772
0.59391,0.5305,-0.60485
0.52013,0.52541,-0.67336
0.55975,0.44113,-0.70149
0.59139,0.35439,-0.72434
0.61397,0.26695,-0.74282
0.62852,0.17889,-0.75694
0.63254,0.090529,-0.76922
0.62854,0.0024142,-0.77777
0.61757,-0.085065,-0.7819
0.60138,-0.17051,-0.78055
0.58249,-0.25121,-0.77305
0.56329,-0.32447,-0.75988
0.53591,-0.3899,-0.74885
0.48584,-0.44194,-0.75409
0.42216,-0.49298,-0.76076
0.35149,-0.54601,-0.76048
0.2756,-0.5978,-0.75278
0.19606,-0.64703,-0.73682
0.11143,-0.69052,-0.71468
0.024639,-0.72766,-0.68549
-0.062494,-0.75824,-0.64897
-0.018822,-0.81091,-0.58487
0.025503,-0.85652,-0.51548
0.069239,-0.8949,-0.44087
0.11283,-0.92474,-0.36348
0.15326,-0.94647,-0.28408
0.18742,-0.96125,-0.20216
0.20864,-0.97101,-0.11668
0.2106,-0.97721,-0.026669
0.19682,-0.97821,0.066102
0.16633,-0.97294,0.16039
0.13083,-0.9584,0.25367
0.093545,-0.93421,0.34425
0.056358,-0.9012,0.42973
0.023524,-0.86095,0.50814
-0.0035098,-0.81704,0.57658
-0.055685,-0.77575,0.62857
-0.10778,-0.72304,0.68235
-0.026151,-0.69363,0.71986
0.053653,-0.65968,0.74963
0.1269,-0.61409,0.77896
0.19843,-0.55996,0.80441
0.26942,-0.49897,0.82368
0.3369,-0.43081,0.83719
0.39864,-0.3556,0.84536
0.45121,-0.27427,0.84923
0.49498,-0.18951,0.84798
0.53011,-0.10587,0.84129
0.55699,-0.026976,0.83008
0.55414,0.05756,0.83043
0.54562,0.14726,0.82499
0.532,0.23822,0.81254
0.51263,0.32797,0.7935
0.48478,0.415,0.76991
0.45365,0.49964,0.73795
0.42427,0.58135,0.69428
0.50363,0.57691,0.64307
0.564,0.5508,0.61524
0.58956,0.58173,0.56036
0.64108,0.59297,0.48724
0.69251,0.59589,0.40661
0.73696,0.59432,0.322
0.7732,0.58987,0.23285
0.79847,0.5851,0.14176
0.81159,0.58231,0.04722
0.8123,0.58125,-0.048169
0.79966,0.5829,-0.14414
0.77322,0.5873,-0.2392
0.73037,0.59837,-0.32942
0.67704,0.60774,-0.41506
0.61458,0.61335,-0.49608
0.54636,0.61273,-0.57101
0.47255,0.60579,-0.64009
0.39554,0.5921,-0.70212
0.44222,0.51378,-0.73517
0.4821,0.43133,-0.76259
0.51489,0.34755,-0.78364
0.53988,0.26354,-0.79942
0.5564,0.17972,-0.81125
0.55778,0.095526,-0.82447
0.55102,0.009895,-0.83444
0.53863,-0.077083,-0.83901
0.52231,-0.16317,-0.837
0.50558,-0.24464,-0.82737
0.49854,-0.31571,-0.80733
0.49466,-0.36847,-0.78711
0.44453,-0.39696,-0.80301
0.37836,-0.43593,-0.81658
0.3065,-0.48676,-0.818
0.2288,-0.53901,-0.81063
0.14737,-0.58834,-0.79507
0.063329,-0.63179,-0.77255
-0.021207,-0.66939,-0.74261
-0.10589,-0.70105,-0.7052
-0.19053,-0.72283,-0.66424
-0.15185,-0.77939,-0.60786
-0.10882,-0.83234,-0.54347
-0.063914,-0.87804,-0.47431
-0.019167,-0.91599,-0.40074
0.026854,-0.94486,-0.32637
0.069951,-0.96509,-0.25241
0.10811,-0.9776,-0.18056
0.1327,-0.98523,-0.10826
0.12516,-0.99166,-0.030681
0.1021,-0.99344,0.051493
0.06804,-0.98795,0.13901
0.030341,-0.97305,0.22858
-0.0084652,-0.94777,0.31884
-0.046242,-0.91256,0.40631
-0.075548,-0.86993,0.48736
-0.069807,-0.83325,0.54847
-0.13262,-0.80709,0.57534
-0.18832,-0.75259,0.63098
-0.23851,-0.68525,0.68814
-0.15556,-0.65998,0.735
-0.073598,-0.63351,0.77022
0.0034534,-0.60811,0.79384
0.064531,-0.56104,0.82527
0.13116,-0.50721,0.85178
0.20034,-0.44789,0.87135
0.2676,-0.3822,0.88448
0.32798,-0.30896,0.89273
0.37866,-0.22794,0.89703
0.42065,-0.14269,0.89593
0.45679,-0.060758,0.8875
0.49775,-0.010873,0.86725
0.47404,0.053799,0.87886
0.46347,0.14253,0.87458
0.45117,0.23336,0.86139
0.43519,0.32187,0.84084
0.4056,0.4068,0.81854
0.37254,0.49039,0.78787
0.33859,0.57247,0.74675
0.30422,0.6521,0.69442
0.40012,0.66004,0.6358
0.5019,0.6514,0.56901
0.57087,0.66827,0.47699
0.6295,0.67184,0.39034
0.67777,0.66885,0.30538
0.7162,0.66239,0.21977
0.74339,0.65543,0.13338
0.75696,0.65189,0.045231
0.75785,0.65097,-0.04363
0.74405,0.65491,-0.13226
0.71549,0.66362,-0.21836
0.67317,0.67501,-0.30198
0.62022,0.68459,-0.38295
0.55911,0.68929,-0.46073
0.49112,0.68846,-0.53369
0.41878,0.68084,-0.6009
0.34292,0.66531,-0.66315
0.26473,0.64337,-0.71833
0.31499,0.57154,-0.75771
0.36115,0.49499,-0.79029
0.40133,0.41458,-0.81674
0.43604,0.33333,-0.83592
0.46328,0.25328,-0.84925
0.48518,0.17842,-0.85602
0.47823,0.1027,-0.87221
0.46776,0.018836,-0.88365
0.45328,-0.070256,-0.88859
0.43463,-0.16126,-0.88605
0.41605,-0.2518,-0.87378
0.42471,-0.33214,-0.8422
0.34325,-0.36222,-0.86659
0.2641,-0.41861,-0.86892
0.18259,-0.47345,-0.86169
0.099403,-0.52404,-0.84587
0.014138,-0.5685,-0.82256
-0.069363,-0.6072,-0.79151
-0.14918,-0.63906,-0.75455
-0.22254,-0.66461,-0.71328
-0.24285,-0.78957,-0.56356
-0.19869,-0.84475,-0.4969
-0.1524,-0.89179,-0.42602
-0.10484,-0.93007,-0.35211
-0.055609,-0.95853,-0.2795
-0.007424,-0.97758,-0.21044
0.072569,-0.99216,-0.10172
0.01392,-0.99958,0.025373
-0.026097,-0.99384,0.10772
-0.068181,-0.97831,0.19561
-0.11312,-0.95093,0.288
-0.15411,-0.91019,0.38445
-0.19,-0.85132,0.48903
-0.26494,-0.78299,0.56279
-0.32166,-0.70803,0.62867
-0.36838,-0.62692,0.68649
-0.28132,-0.60787,0.74253
-0.19385,-0.58486,0.78763
-0.10806,-0.56209,0.81999
-0.037874,-0.5616,0.82654
-0.0078609,-0.50958,0.86039
0.058199,-0.45449,0.88885
0.1292,-0.39508,0.90952
0.19737,-0.33173,0.9225
0.25847,-0.26147,0.92996
0.30543,-0.17879,0.93528
0.34653,-0.086998,0.934
0.38828,0.016425,0.92139
0.37672,0.12967,0.91721
0.36739,0.22689,0.90197
0.35917,0.31169,0.87968
0.32479,0.3893,0.86195
0.28854,0.47109,0.83356
0.25101,0.55278,0.79463
0.21132,0.63185,0.74572
0.1642,0.70567,0.68926
0.2567,0.72577,0.63825
0.34803,0.73601,0.58065
0.43621,0.73684,0.51652
0.50695,0.74252,0.43779
0.56722,0.74148,0.35844
0.61774,0.73516,0.27917
0.65813,0.72583,0.20009
0.68647,0.71696,0.12134
0.70146,0.71152,0.04117
0.70166,0.7115,-0.037917
0.68705,0.71712,-0.11709
0.65735,0.72816,-0.19409
0.61341,0.74263,-0.26875
0.5594,0.75379,-0.34479
0.49854,0.75895,-0.41888
0.43096,0.75745,-0.49046
0.35866,0.74873,-0.55746
0.28412,0.73206,-0.61916
0.20946,0.70833,-0.67409
0.13393,0.67955,-0.7213
0.18379,0.61589,-0.7661
0.23193,0.54541,-0.80544
0.27746,0.46947,-0.83822
0.31935,0.38979,-0.86376
0.35545,0.30837,-0.88236
0.38543,0.22897,-0.89388
0.42398,0.17657,-0.88829
0.39568,0.12069,-0.91042
0.38057,0.035476,-0.92407
0.36363,-0.058222,-0.92972
0.34052,-0.15882,-0.92673
0.30867,-0.26867,-0.91244
0.2212,-0.34559,-0.91194
0.13497,-0.40496,-0.90432
0.048799,-0.45598,-0.88865
-0.036859,-0.50104,-0.86464
-0.12043,-0.54082,-0.83247
-0.20181,-0.57645,-0.79182
-0.27735,-0.60988,-0.74238
-0.34237,-0.64859,-0.67979
-0.28647,-0.84838,-0.44519
-0.23622,-0.89845,-0.37012
-0.18635,-0.93774,-0.2931
-0.13199,-0.96665,-0.21946
-0.075119,-0.98563,-0.15132
-0.016132,-0.99572,-0.091049
-0.064947,-0.99769,-0.019758
-0.11423,-0.99163,0.060154
-0.16408,-0.97557,0.14611
-0.21119,-0.94791,0.23848
-0.25564,-0.90797,0.33203
-0.29968,-0.85502,0.42323
-0.35683,-0.78994,0.49867
-0.40934,-0.71601,0.56548
-0.45529,-0.63488,0.62421
-0.49593,-0.54818,0.67346
-0.41001,-0.54011,0.73496
-0.31833,-0.52285,0.79076
-0.21988,-0.49914,0.83816
-0.10783,-0.47049,0.87579
-0.021607,-0.40096,0.91584
0.057592,-0.33833,0.93926
0.1293,-0.27836,0.95173
0.19118,-0.21837,0.95696
0.22764,-0.14038,0.96357
0.26031,-0.052516,0.96409
0.28424,0.043823,0.95775
0.2818,0.14507,0.94844
0.27731,0.23899,0.93058
0.29415,0.30349,0.90629
0.24595,0.35655,0.90132
0.20475,0.43781,0.87544
0.16302,0.52197,0.83724
0.11817,0.60202,0.78969
0.070605,0.67624,0.73329
0.020234,0.74293,0.66907
0.11252,0.77156,0.62613
0.20329,0.79173,0.57606
0.29088,0.80278,0.5205
0.37349,0.80644,0.45842
0.4446,0.80773,0.38718
0.5061,0.80331,0.31394
0.55843,0.79382,0.24086
0.60079,0.78098,0.17061
0.63218,0.76808,0.10201
0.64823,0.76064,0.03495
0.6471,0.76174,-0.031873
0.63195,0.76873,-0.098486
0.60044,0.7828,-0.16338
0.55233,0.80204,-0.2273
0.49736,0.8147,-0.29815
0.43487,0.8203,-0.37147
0.36633,0.81889,-0.44184
0.29346,0.80903,-0.50926
0.21956,0.79114,-0.57086
0.14937,0.76529,-0.62611
0.085328,0.73374,-0.67405
0.0063759,0.71379,-0.70034
0.05076,0.65242,-0.75616
0.09835,0.58637,-0.80405
0.14518,0.51553,-0.84448
0.19159,0.43924,-0.8777
0.23562,0.35895,-0.90313
0.27641,0.27265,-0.92155
0.30894,0.17197,-0.9354
0.29018,0.066106,-0.95469
0.27208,-0.033613,-0.96169
0.24802,-0.1298,-0.96002
0.21297,-0.22048,-0.95186
-0.33562,-0.78602,-0.51917
-0.38316,-0.70636,-0.59518
0.15684,-0.29169,-0.94357
0.0789,-0.33996,-0.93713
-0.0038193,-0.38644,-0.92231
-0.088582,-0.42938,-0.89877
-0.17364,-0.47011,-0.86536
-0.25581,-0.50764,-0.82272
-0.33277,-0.54451,-0.76992
-0.40296,-0.58223,-0.70614
-0.46827,-0.71858,-0.51416
-0.41599,-0.78884,-0.45242
-0.36485,-0.84937,-0.38139
-0.31441,-0.89921,-0.30425
-0.26341,-0.93858,-0.22288
-0.20334,-0.9679,-0.14772
-0.13684,-0.98744,-0.079031
-0.19616,-0.98057,-3.0728e-05
-0.25332,-0.96363,0.085139
-0.30428,-0.93588,0.17762
-0.35138,-0.89662,0.26945
-0.3973,-0.8456,0.35652
-0.44784,-0.78286,0.43194
-0.49597,-0.71053,0.49917
-0.5389,-0.63136,0.55765
-0.57705,-0.5468,0.60665
-0.6115,-0.45692,0.64599
-0.53276,-0.45661,0.71251
-0.44776,-0.44854,0.77351
-0.35834,-0.43201,0.82762
-0.26361,-0.40856,0.87384
-0.1672,-0.37578,0.9115
-0.080578,-0.32269,0.94307
0.00014671,-0.26669,0.96378
0.073958,-0.21286,0.97428
0.1364,-0.18266,0.97367
0.14484,-0.11525,0.98272
0.17255,-0.030285,0.98454
0.1881,0.065015,0.98
0.18505,0.16953,0.968
0.17884,0.28442,0.94187
0.12337,0.38867,0.91308
0.073856,0.48012,0.87409
0.024993,0.56263,0.82633
-0.022694,0.63832,0.76943
-0.072372,0.7054,0.70511
-0.12229,0.76392,0.63362
-0.031269,0.80115,0.59764
0.059223,0.82896,0.55617
0.14838,0.8487,0.50763
0.23378,0.85999,0.45362
0.31376,0.86454,0.39259
0.38523,0.86333,0.32596
0.44843,0.85589,0.25762
0.50219,0.84323,0.19176
0.54718,0.82688,0.12987
0.58277,0.80922,0.074469
-0.46132,-0.62336,-0.63135
-0.07842,0.68482,-0.72448
-0.035093,0.6207,-0.78327
0.010717,0.55245,-0.83348
0.057354,0.47983,-0.87548
0.10315,0.40449,-0.90871
0.14773,0.32787,-0.9331
0.1904,0.25466,-0.9481
0.20083,0.17052,-0.96467
0.19165,0.07809,-0.97835
0.17771,-0.01516,-0.98397
0.15577,-0.10539,-0.98215
0.12026,-0.18616,-0.97513
0.10221,-0.25078,-0.96263
0.031516,-0.26936,-0.96252
-0.051446,-0.3101,-0.94931
-0.13817,-0.35301,-0.92536
-0.22334,-0.39361,-0.89173
-0.30723,-0.43273,-0.84756
-0.38631,-0.46908,-0.79419
-0.45866,-0.50543,-0.73087
-0.5251,-0.53868,-0.65885
-0.59127,-0.55775,-0.5825
-0.53242,-0.64045,-0.55349
0.60005,0.7995,-0.027209
0.5866,0.80629,-0.076126
0.55073,0.82567,-0.12235
0.49363,0.85282,-0.17039
0.43591,0.86694,-0.24168
0.37022,0.87352,-0.31606
0.29827,0.87153,-0.38918
0.22276,0.86036,-0.45843
0.14668,0.84039,-0.52176
0.077288,0.81158,-0.5791
0.045131,0.77479,-0.6306
-0.026988,0.77324,-0.63353
-0.11515,0.7467,-0.65512
-0.20437,0.70784,-0.67616
-0.16466,0.64722,-0.7443
-0.12234,0.58202,-0.80392
-0.077533,0.51182,-0.85559
-0.03142,0.43791,-0.89847
0.015272,0.36137,-0.9323
0.062435,0.286,-0.95619
0.11786,0.24135,-0.96326
0.096536,0.1773,-0.97941
0.09165,0.088812,-0.99182
0.084868,-0.0019509,-0.99639
0.066488,-0.090855,-0.99364
0.013577,-0.17653,-0.9842
-0.087972,-0.22553,-0.97026
-0.18059,-0.26983,-0.94582
-0.2693,-0.31131,-0.91135
-0.35438,-0.35098,-0.86673
-0.43427,-0.38722,-0.81331
-0.50855,-0.42124,-0.75095
-0.57781,-0.4507,-0.68044
-0.6436,-0.47061,-0.60358
-0.70528,-0.47933,-0.52233
-0.65459,-0.56528,-0.50197
-0.59733,-0.64677,-0.47422
-0.53959,-0.72144,-0.43402
-0.48595,-0.78755,-0.37896
-0.4351,-0.84451,-0.31222
-0.38629,-0.89219,-0.23403
-0.34126,-0.9287,-0.1451
-0.27432,-0.95921,-0.068345
0.60411,0.79658,0.022787
-0.34115,-0.93988,0.015677
-0.39288,-0.91266,0.11271
-0.44132,-0.87376,0.20439
-0.48741,-0.8238,0.28945
-0.53307,-0.76308,0.36543
-0.5769,-0.69345,0.43164
-0.61696,-0.61723,0.48825
-0.65265,-0.5354,0.53609
-0.68335,-0.44948,0.57533
-0.7084,-0.36068,0.60669
-0.6408,-0.36387,0.676
-0.56484,-0.36108,0.74201
-0.48303,-0.35313,0.80124
-0.3958,-0.33819,0.8538
-0.30586,-0.31604,0.89809
-0.21507,-0.28291,0.93472
-0.12833,-0.23679,0.96305
-0.042318,-0.18319,0.98217
0.047478,-0.12034,0.9916
0.088101,-0.026479,0.99576
0.096611,0.067045,0.99306
0.088466,0.16266,0.98271
0.069356,0.26083,0.96289
0.026868,0.35264,0.93537
-0.01986,0.43883,0.89835
-0.067339,0.51915,0.85202
-0.11575,0.59388,0.79618
-0.16447,0.66103,0.73211
-0.21333,0.7193,0.66113
-0.2612,0.76926,0.58311
-0.17264,0.81346,0.55541
-0.08345,0.84948,0.52099
0.0071999,0.87707,0.48031
0.095223,0.89642,0.43286
0.17904,0.90754,0.37988
0.25695,0.91185,0.32017
0.32898,0.90893,0.25616
0.39367,0.89908,0.1915
0.45197,0.88266,0.12898
0.57118,0.8207,0.013914
0.55567,0.8294,-0.057604
0.51365,0.85499,-0.07186
0.44084,0.89309,-0.089782
0.3742,0.91066,-0.17515
0.30422,0.91796,-0.25455
0.22955,0.91552,-0.33034
0.14914,0.90304,-0.40283
0.063684,0.87873,-0.47305
-0.025938,0.83779,-0.54538
-0.14226,0.80564,-0.57506
-0.24277,0.76259,-0.5996
-0.33319,0.71168,-0.61846
-0.29072,0.66206,-0.69076
-0.25112,0.60312,-0.75709
-0.20957,0.5383,-0.81628
-0.16598,0.46702,-0.86853
-0.12043,0.3898,-0.91299
-0.071559,0.30454,-0.94981
-0.012876,0.20948,-0.97773
-0.0092332,0.10018,-0.99493
-0.0036369,0.0085911,-0.99996
0.0024015,-0.062488,-0.99804
-0.05525,-0.10569,-0.99286
-0.13887,-0.14529,-0.97959
-0.22652,-0.18608,-0.95607
-0.31382,-0.22648,-0.92207
-0.3977,-0.26488,-0.87845
-0.47746,-0.30119,-0.82542
-0.55207,-0.33305,-0.76439
-0.62165,-0.36055,-0.69538
-0.68615,-0.37975,-0.62048
-0.74766,-0.38778,-0.5391
-0.80294,-0.38962,-0.4511
-0.76025,-0.48234,-0.43517
-0.71011,-0.5664,-0.41824
-0.65507,-0.64498,-0.39355
-0.60051,-0.71588,-0.35624
-0.54835,-0.77824,-0.30603
-0.49777,-0.83197,-0.24506
-0.45313,-0.87524,-0.16917
-0.42667,-0.90223,-0.062663
-0.47694,-0.87765,0.0476
-0.5253,-0.83923,0.14058
-0.5694,-0.79081,0.22451
-0.61139,-0.73239,0.29969
-0.65044,-0.66638,0.36449
-0.6885,-0.59266,0.41799
-0.72273,-0.51299,0.46315
-0.74937,-0.43147,0.50227
-0.76601,-0.35395,0.53661
-0.79512,-0.27264,0.5417
-0.73623,-0.26957,0.62073
-0.66918,-0.26757,0.69326
-0.59485,-0.26283,0.75965
-0.51465,-0.25599,0.81829
-0.42989,-0.24407,0.86927
-0.34337,-0.22392,0.91212
-0.25712,-0.19328,0.94686
-0.17389,-0.15246,0.97289
-0.094285,-0.10532,0.98996
-0.021348,-0.057095,0.99814
0.026128,-0.0075842,0.99963
0.014447,0.059631,0.99812
-0.0029505,0.14205,0.98985
-0.02844,0.22939,0.97292
-0.066847,0.31425,0.94698
-0.11104,0.3957,0.91164
-0.15905,0.47174,0.86728
-0.20792,0.54298,0.8136
-0.25491,0.60899,0.7511
-0.3012,0.66738,0.68109
-0.34658,0.71768,0.604
-0.39196,0.75863,0.52043
-0.30825,0.80988,0.49908
-0.22116,0.85345,0.47192
-0.13286,0.88877,0.43868
-0.044305,0.91547,0.39993
0.042684,0.93407,0.35453
0.12542,0.94495,0.30223
0.20302,0.94859,0.24283
0.27545,0.94428,0.18017
0.34314,0.93211,0.11589
0.56254,0.82649,-0.021516
0.40716,0.91176,0.053976
0.3636,0.93104,-0.030879
0.30373,0.94608,-0.11262
0.23628,0.95279,-0.19068
0.16249,0.95031,-0.26552
0.081697,0.93837,-0.33583
-0.0029155,0.91639,-0.40029
-0.09242,0.88407,-0.45813
-0.19239,0.84869,-0.49266
-0.28903,0.8047,-0.51857
-0.37978,0.75173,-0.53913
-0.4643,0.69141,-0.55351
-0.41726,0.65527,-0.62969
-0.37274,0.61153,-0.69792
-0.33552,0.55475,-0.76137
-0.29724,0.49128,-0.81871
-0.25574,0.42128,-0.87013
-0.21386,0.34434,-0.91416
-0.17115,0.26021,-0.95026
-0.12963,0.17025,-0.97684
-0.10928,0.072521,-0.99136
-0.088676,-0.020687,-0.99585
-0.17706,-0.057876,-0.9825
-0.26553,-0.097847,-0.95912
-0.35269,-0.13822,-0.92548
-0.43638,-0.17631,-0.88232
-0.51566,-0.21189,-0.83018
-0.58944,-0.24285,-0.77045
-0.65758,-0.26943,-0.70356
-0.71953,-0.28906,-0.63145
-0.77985,-0.29257,-0.55338
-0.83459,-0.29177,-0.46725
-0.88216,-0.29002,-0.37105
-0.84965,-0.38984,-0.35514
-0.80662,-0.48123,-0.3432
-0.75588,-0.56396,-0.33256
-0.70282,-0.63819,-0.31428
-0.6524,-0.70448,-0.27943
-0.60288,-0.76258,-0.23455
-0.55378,-0.81154,-0.18636
-0.51101,-0.84758,-0.14311
-0.52129,-0.85024,-0.073147
-0.5607,-0.82799,0.0075007
-0.60465,-0.79176,0.086678
-0.64584,-0.74579,0.16339
-0.68157,-0.69262,0.2361
-0.71532,-0.6312,0.29984
-0.75251,-0.55901,0.3482
-0.78709,-0.47886,0.38882
-0.81146,-0.39827,0.42768
-0.80874,-0.34624,0.47546
-0.84342,-0.28552,0.45509
-0.86907,-0.19537,0.45448
-0.81903,-0.18227,0.54404
-0.75928,-0.17462,0.6269
-0.69247,-0.16784,0.70166
-0.61872,-0.16132,0.76887
-0.53955,-0.15712,0.82716
-0.45716,-0.14985,0.87667
-0.37385,-0.13385,0.91778
-0.29138,-0.10556,0.95077
-0.21153,-0.066943,0.97508
-0.13349,-0.023296,0.99078
-0.058383,0.021192,0.99807
-0.086168,0.10436,0.9908
-0.11624,0.18852,0.97517
-0.15445,0.26987,0.95043
-0.19923,0.3469,0.9165
-0.24852,0.4183,0.87365
-0.29639,0.48722,0.82144
-0.34232,0.55102,0.76105
-0.3859,0.60979,0.69227
-0.42834,0.66009,0.61709
-0.47122,0.70119,0.53506
-0.51228,0.73275,0.44794
-0.43558,0.79018,0.43114
-0.35345,0.84094,0.40974
-0.26803,0.8838,0.38349
-0.18077,0.91808,0.35279
-0.093042,0.94365,0.3176
-0.0077389,0.96171,0.27396
0.07307,0.97222,0.22236
0.14941,0.97512,0.16378
0.22197,0.96986,0.10053
0.29242,0.95568,0.034194
0.23411,0.97111,-0.04619
0.1694,0.97773,-0.12386
0.098288,0.97559,-0.19637
0.020696,0.96465,-0.26273
-0.061791,0.94481,-0.32175
-0.15052,0.9163,-0.37112
-0.24345,0.88111,-0.40544
-0.33565,0.83676,-0.43264
-0.42443,0.78362,-0.45366
-0.5087,0.72188,-0.46917
-0.58708,0.65078,-0.48148
-0.5426,0.62236,-0.56414
-0.49369,0.59202,-0.63701
-0.44553,0.55958,-0.69884
-0.41904,0.50458,-0.75486
-0.38399,0.44354,-0.80983
-0.34497,0.37507,-0.86042
-0.30632,0.29886,-0.9038
-0.26831,0.21577,-0.93886
-0.23307,0.12741,-0.96408
-0.20585,0.033991,-0.97799
0.16534,0.98602,0.020658
0.10446,0.99299,-0.05527
0.037339,0.99124,-0.12667
-0.036093,0.98118,-0.18969
-0.11654,0.96326,-0.24197
-0.2024,0.93725,-0.28389
-0.2907,0.90304,-0.31625
-0.37806,0.85994,-0.34289
-0.4646,0.80784,-0.36268
-0.54801,0.74677,-0.37687
-0.62564,0.67583,-0.38965
-0.69684,0.59528,-0.40008
-0.65786,0.57032,-0.49189
-0.61113,0.5432,-0.57573
-0.55733,0.51819,-0.64873
-0.50297,0.5142,-0.69471
-0.504,0.45773,-0.73244
-0.47005,0.39731,-0.78816
-0.43137,0.33015,-0.8396
-0.39506,0.25449,-0.8827
-0.3612,0.17164,-0.91656
-0.32822,0.084129,-0.94085
-0.29816,-0.0070081,-0.95449
-0.16476,0.060392,0.98448
-0.19701,0.14331,0.96987
-0.23526,0.22175,0.9463
-0.28159,0.29367,0.91349
-0.33216,0.36017,0.87175
-0.38185,0.42415,0.82115
-0.42492,0.48776,0.76258
-0.46525,0.54699,0.69594
-0.50469,0.59785,0.62279
-0.54524,0.63896,0.54262
-0.58488,0.66931,0.45818
-0.62357,0.68946,0.36854
-0.55236,0.75356,0.35645
-0.47653,0.81143,0.33838
-0.39562,0.8622,0.31637
-0.31125,0.90478,0.29069
-0.22427,0.93807,0.26407
-0.13823,0.96244,0.23367
-0.054893,0.97939,0.1944
0.022591,0.98936,0.14372
0.095891,0.99178,0.084715
-0.38667,-0.047843,-0.92098
-0.47047,-0.08632,-0.87818
-0.54955,-0.12161,-0.82656
-0.62281,-0.15132,-0.7676
-0.68839,-0.17733,-0.70333
-0.74311,-0.20178,-0.63803
-0.79939,-0.19566,-0.56806
-0.85333,-0.18843,-0.48614
-0.90113,-0.18328,-0.3929
-0.93868,-0.18295,-0.29224
-0.91984,-0.28871,-0.2656
-0.88521,-0.39183,-0.25073
-0.84038,-0.48424,-0.24347
-0.78905,-0.56332,-0.24509
-0.73851,-0.63076,-0.2382
-0.6949,-0.68982,-0.20312
-0.64617,-0.74645,-0.15898
-0.58997,-0.79942,-0.11337
-0.63058,-0.77518,-0.038285
-0.67519,-0.73688,0.033695
-0.71623,-0.69012,0.10368
-0.74445,-0.64414,0.17572
-0.76896,-0.59309,0.23865
-0.80664,-0.5223,0.27665
-0.84483,-0.43514,0.3113
-0.87339,-0.33194,0.35638
-0.9088,-0.21619,0.35684
-0.92682,-0.10772,0.35971
-0.8853,-0.096774,0.45485
-0.83428,-0.085454,0.54467
-0.77425,-0.075208,0.6284
-0.70699,-0.064523,0.70427
-0.63279,-0.055472,0.77233
-0.55483,-0.056933,0.83002
-0.4753,-0.057466,0.87794
-0.39603,-0.048111,0.91698
-0.31849,-0.020892,0.9477
-0.24192,0.017274,0.97014
-0.27229,0.098602,0.95715
-0.30763,0.17301,0.93564
-0.35629,0.2377,0.90363
-0.41011,0.29586,0.86271
-0.46268,0.3544,0.8126
-0.5027,0.41918,0.75603
-0.53828,0.48089,0.6921
-0.57366,0.53322,0.62176
-0.61224,0.57308,0.54474
-0.65145,0.60137,0.46256
-0.69041,0.61868,0.37493
-0.72251,0.63015,0.28443
-0.6575,0.70081,0.2767
-0.58807,0.76506,0.26241
-0.51352,0.82328,0.24188
-0.43299,0.87463,0.21805
-0.34944,0.91671,0.19372
-0.26292,0.94909,0.17349
-0.17891,0.97225,0.15074
-0.099586,0.98794,0.11854
-0.027725,0.9972,0.069433
0.039057,0.99919,0.010134
-0.020975,0.99803,-0.059184
-0.087051,0.98905,-0.11918
-0.16413,0.97293,-0.16269
-0.2468,0.94904,-0.196
-0.33148,0.91661,-0.22348
-0.41377,0.87505,-0.25115
-0.49805,0.8248,-0.26766
-0.58107,0.76429,-0.27968
-0.65831,0.69335,-0.29308
-0.72827,0.61442,-0.3035
-0.79072,0.52866,-0.30867
-0.75931,0.50895,-0.40549
-0.72027,0.48149,-0.49939
-0.66841,0.45293,-0.58998
-0.59739,0.42358,-0.68096
-0.55329,0.35303,-0.75448
-0.51067,0.28593,-0.81084
-0.47734,0.21021,-0.85321
-0.44847,0.12793,-0.8846
-0.41765,0.041659,-0.90765
-0.68924,-0.71944,-0.085722
-0.73696,-0.67563,-0.020393
-0.78261,-0.62102,0.043098
-0.80113,-0.58585,0.12234
-0.80659,-0.56106,0.18606
-0.84484,-0.49901,0.19296
-0.88464,-0.41595,0.21072
-0.91854,-0.31762,0.23538
-0.94421,-0.21349,0.25077
-0.95975,-0.10779,0.25935
-0.96529,-0.0047999,0.26114
-0.93382,-0.0038002,0.35773
-0.89222,0.0043922,0.45159
-0.8411,0.013598,0.54071
-0.78069,0.025062,0.62442
-0.71171,0.040794,0.70129
-0.63414,0.056636,0.77114
-0.55702,0.044061,0.82933
-0.48184,0.031169,0.87571
-0.41061,0.029609,0.91133
-0.34222,0.057913,0.93783
-0.50141,0.0020454,-0.86521
-0.581,-0.03304,-0.81323
-0.65529,-0.060487,-0.75295
-0.72058,-0.085472,-0.68808
-0.75717,-0.12811,-0.64053
-0.80132,-0.095582,-0.59055
-0.85667,-0.080153,-0.50961
-0.90694,-0.070438,-0.41532
-0.94629,-0.072262,-0.31515
-0.97445,-0.073184,-0.21234
-0.96534,-0.18155,-0.18748
-0.9454,-0.2891,-0.15048
-0.90666,-0.39825,-0.13914
-0.85693,-0.49702,-0.13651
-0.76194,-0.62318,-0.17634
-0.7359,-0.66396,-0.13268
-0.37104,0.12762,0.9198
-0.4215,0.17873,0.88904
-0.48108,0.22541,0.8472
-0.54098,0.2747,0.79491
-0.57572,0.34687,0.74042
-0.60446,0.41354,0.6809
-0.63486,0.46798,0.61477
-0.67172,0.50491,0.54208
-0.71116,0.5289,0.46317
-0.74913,0.54381,0.37825
-0.78158,0.55257,0.28946
-0.80873,0.55526,0.19399
-0.74968,0.63393,0.19
-0.6858,0.70442,0.18296
-0.61752,0.76819,0.16897
-0.54581,0.8257,0.14249
-0.46614,0.87683,0.11782
-0.38114,0.92003,0.091011
-0.29381,0.95248,0.080389
-0.21136,0.9749,0.069998
-0.13772,0.98922,0.049713
-0.077796,0.99697,0.0014928
-0.13209,0.98971,-0.054981
-0.28381,0.95286,-0.1073
-0.3672,0.92151,-0.12643
-0.44176,0.88245,-0.16164
-0.52241,0.83533,-0.17118
-0.60514,0.77651,-0.17561
-0.68197,0.70564,-0.19231
-0.75211,0.62687,-0.20336
-0.81499,0.54067,-0.20851
-0.86933,0.44805,-0.20858
-0.84456,0.43787,-0.30819
-0.81412,0.41828,-0.4028
-0.77919,0.38621,-0.49366
-0.73061,0.35789,-0.58149
-0.67221,0.32971,-0.66289
-0.6209,0.28655,-0.72963
-0.57627,0.23703,-0.78213
-0.55193,0.16651,-0.8171
-0.53043,0.086245,-0.84333
-0.78828,-0.61046,-0.077216
-0.85625,-0.50764,0.095592
-0.90627,-0.41079,0.099659
-0.94569,-0.30486,0.11283
-0.96848,-0.20317,0.1441
-0.98204,-0.099901,0.16006
-0.98633,0.0011915,0.16478
-0.98164,0.097632,0.16388
-0.96176,0.095783,0.25659
-0.93149,0.097741,0.35038
-0.89124,0.10281,0.44173
-0.84099,0.11079,0.52958
-0.78033,0.12293,0.61317
-0.70793,0.145,0.69124
-0.61818,0.17995,0.76516
-0.5384,0.14357,0.83037
-0.41841,0.090688,0.90372
-0.47016,0.11322,0.87529
-0.64531,0.27622,0.71224
-0.66523,0.35154,0.65871
-0.68643,0.40773,0.60214
-0.72178,0.43678,0.5369
-0.76083,0.45333,0.46436
-0.79895,0.46369,0.38298
-0.83271,0.46907,0.29421
-0.85999,0.46985,0.19915
-0.87935,0.46552,0.10016
-0.82701,0.55376,0.096926
-0.7688,0.63252,0.094165
-0.70566,0.70286,0.089619
-0.64112,0.76337,0.078941
-0.57676,0.81589,0.040858
-0.49432,0.86912,0.01661
-0.40258,0.91515,-0.020648
-0.3075,0.95144,-0.014492
-0.227,0.97385,-0.0089565
-0.20348,0.97534,-0.085465
-0.80501,-0.57185,-0.15795
-0.9822,-0.18274,0.043557
-0.99442,-0.084119,0.063716
-0.99748,0.013507,0.069674
-0.99169,0.10571,0.073337
-0.97975,0.18437,0.078043
-0.96955,0.18909,0.15563
-0.95019,0.1928,0.24487
-0.92118,0.19563,0.33639
-0.8828,0.19892,0.42556
-0.78016,0.21334,0.58808
-0.71618,0.23441,0.65737
-0.45864,0.88473,-0.083044
-0.69608,0.71219,-0.090905
-0.76751,0.6327,-0.10306
-0.82983,0.54776,-0.10649
-0.91327,0.35115,-0.20649
-0.88856,0.34312,-0.30452
-0.85854,0.32768,-0.39439
-0.83202,0.28352,-0.47683
-0.78381,0.25607,-0.56574
-0.72667,0.23183,-0.64669
-0.67027,0.21084,-0.71154
-0.62366,0.19435,-0.75715
-0.62116,0.13136,-0.7726
-0.60907,0.051389,-0.79145
-0.72174,0.30799,0.61987
-0.72368,0.36175,0.58772
-0.75892,0.36796,0.53725
-0.79911,0.37459,0.47021
-0.83885,0.37905,0.3907
-0.8731,0.3817,0.30332
-0.90126,0.37955,0.20896
-0.92183,0.37191,0.10916
-0.93391,0.3575,0.0034083
-0.88875,0.45839,-0.0018392
-0.8354,0.54963,-0.0037087
-0.77612,0.63058,-0.0036522
-0.71414,0.70001,-0.00083888
-0.6578,0.75318,0.0032959
-0.61593,0.78531,-0.062528
-0.52992,0.84482,-0.073923
-0.68832,0.027894,-0.72487
-0.76858,0.0034927,-0.63974
-0.84219,0.03033,-0.53833
-0.89919,0.047,-0.43503
-0.94328,0.040638,-0.32949
-0.9738,0.037805,-0.22422
-0.99183,0.037612,-0.12186
-0.99116,-0.068496,-0.11359
-0.98105,-0.17346,-0.086364
-0.96021,-0.27856,-0.02003
-0.9126,-0.40837,-0.019784
-0.84745,-0.53053,-0.019025
-0.77466,0.29416,0.55979
-0.86644,0.2903,0.40621
-0.90278,0.28958,0.31801
-0.93188,0.28575,0.22347
-0.95334,0.2756,0.12322
-0.94534,0.25016,-0.20919
-0.92922,0.35476,-0.10341
-0.88453,0.45433,-0.10579
-0.91908,0.24903,-0.30541
-0.88935,0.24818,-0.384
-0.88088,0.17351,-0.4404
-0.82388,0.14712,-0.54734
-0.75914,0.1245,-0.63891
-0.69021,0.12268,-0.71313
-0.99002,-0.13932,-0.021032
-0.99787,-0.060767,-0.023872
-0.96921,0.24583,0.01424
-0.93164,0.15126,-0.33041
-0.96391,0.14604,-0.22261
-0.9826,0.14392,-0.11739
-0.99051,0.13667,-0.014674
-0.99914,0.034271,-0.023306
-0.96272,0.25034,-0.10251
-0.27959,-0.72991,-0.62374
-0.28134,-0.68257,-0.67449
0.037345,-0.98825,-0.14823
0.047874,-0.9978,-0.045815
0.50145,0.86196,0.074594
0.54309,0.8388,0.038326
0.46719,0.88415,0.0033755
0.52131,0.85328,-0.012186
-0.83556,0.20369,0.51024
-0.82316,0.29095,0.4876
-0.16608,0.9861,-0.0048728
